"job_id","STC","rack_address","port_x_m","port_y_m","port_z_m","kind","arrival_s","dispatch_s","complete_s","wait_s","lead_s","cycle","measurement_window","seed","port_route","fem_case"
"STC1/in-1","1","STC01-B-022-05","0","0","-1.2","in","0","0","35.70949963726271","0","35.70949963726271","in","false","20260909","CASE1","1"
"STC1/out-1","1","STC01-A-029-10","0","0","-1.2","out","0","56.042832970596045","121.41899927452542","56.042832970596045","121.41899927452542","out","false","20260909","CASE1","1"
"STC1/in-2","1","STC01-B-026-07","0","0","-1.2","in","89.65625963572944","121.41899927452542","159.7951655784548","31.762739638795978","70.13890594272536","dc","false","20260909","CASE2","2"
"STC1/out-2","1","STC01-B-005-05","60","0","-1.2","out","88.6899339593947","121.41899927452542","217.67133188238418","32.729065315130725","128.9813979229895","dc","false","20260909","CASE2","2"
"STC1/in-3","1","STC01-B-013-07","0","10","-1.2","in","180.57210010343363","243.67133188238418","285.88083151964685","63.09923177895055","105.30873141621322","dc","false","20260909","CASE3","3"
"STC1/out-3","1","STC01-B-014-06","0","10","-1.2","out","176.68134510251028","243.67133188238418","320.2569978235762","66.9899867798739","143.57565272106595","dc","false","20260909","CASE3","3"
"STC1/out-4","1","STC01-B-020-07","30","0","-1.2","out","256.6500084328332","320.2569978235762","370.1331641275056","63.606989390743024","113.4831556946724","out","false","20260909","CASE4","4"
"STC1/in-4","1","STC01-B-004-10","30","0","-1.2","in","274.5743384079209","370.1331641275056","407.009330431435","95.55882571958472","132.4349920235141","in","false","20260909","CASE4","4"
"STC1/in-5","1","STC01-B-002-03","0","0","-1.2","in","353.6463597323745","428.509330431435","467.38549673536437","74.8629706990605","113.73913700298988","dc","false","20260909","CASE5","5"
"STC1/out-5","1","STC01-A-017-02","0","10","-1.2","out","342.06391675663843","428.509330431435","515.2616630392937","86.44541367479655","173.19774628265526","dc","false","20260909","CASE5","5"
"STC1/out-6","1","STC01-A-018-05","0","0","-1.2","out","420.32089039816384","527.7616630392937","578.4711626765562","107.44077264112985","158.15027227839238","out","false","20260909","CASE6","6"
"STC1/in-7","1","STC01-B-006-09","0","0","-1.2","in","528.5074725693889","578.4711626765562","613.3473289804855","49.96369010716728","84.83985641109655","dc","true","20260909","CASE1","1"
"STC1/out-7","1","STC01-B-001-01","0","0","-1.2","out","505.7721434174371","578.4711626765562","650.051922409161","72.6990192591191","144.27977899172384","dc","true","20260909","CASE1","1"
"STC1/in-6","1","STC01-A-005-05","0","10","-1.2","in","439.9804173968732","650.051922409161","686.5521271177262","210.0715050122878","246.571709720853","in","true","20260909","CASE6","6"
"STC1/out-8","1","STC01-B-007-07","60","0","-1.2","out","588.1909219255405","695.1761655223621","742.4828775035426","106.98524359682165","154.2919555780021","out","true","20260909","CASE2","2"
"STC1/in-9","1","STC01-A-030-09","0","10","-1.2","in","691.9478780057813","742.4828775035426","809.5257104741385","50.534999497761305","117.5778324683572","dc","true","20260909","CASE3","3"
"STC1/out-9","1","STC01-B-023-10","0","10","-1.2","out","671.9781279577209","742.4828775035426","856.0343328804481","70.50474954582171","184.05620492272726","dc","true","20260909","CASE3","3"
"STC1/in-8","1","STC01-B-003-01","0","0","-1.2","in","607.213990325108","856.0343328804481","890.4657998925724","248.82034255534006","283.2518095674643","in","true","20260909","CASE2","2"
"STC1/in-10","1","STC01-A-018-05","30","0","-1.2","in","777.4748831255627","897.0211006007673","939.8972669046966","119.54621747520468","162.42238377913395","dc","true","20260909","CASE4","4"
"STC1/out-10","1","STC01-B-023-03","30","0","-1.2","out","762.5877364951053","897.0211006007673","974.8250100761041","134.433364105662","212.23727358099882","dc","true","20260909","CASE4","4"
"STC1/out-11","1","STC01-A-009-08","0","10","-1.2","out","848.9122694198575","974.8250100761041","1019.3678430467","125.91274065624668","170.45557362684258","out","true","20260909","CASE5","5"
"STC1/in-11","1","STC01-B-016-08","0","0","-1.2","in","859.7890162707438","1019.3678430467","1064.7440093506295","159.57882677595626","204.95499307988575","in","true","20260909","CASE5","5"
"STC1/in-12","1","STC01-B-006-01","0","10","-1.2","in","945.9402927543434","1082.2440093506295","1121.620175654559","136.3037165962861","175.6798829002156","dc","true","20260909","CASE6","6"
"STC1/out-12","1","STC01-A-024-03","0","0","-1.2","out","933.6232961062342","1082.2440093506295","1176.1630086251553","148.62071324439535","242.53971251892108","dc","true","20260909","CASE6","6"
"STC1/out-13","1","STC01-B-004-05","0","0","-1.2","out","1010.8138712003295","1188.6630086251553","1223.203903349153","177.8491374248258","212.3900321488236","out","true","20260909","CASE1","1"
"STC1/in-14","1","STC01-B-030-07","0","0","-1.2","in","1112.6383648799465","1223.203903349153","1264.2467363197493","110.56553846920656","151.6083714398028","dc","true","20260909","CASE2","2"
"STC1/out-14","1","STC01-A-027-07","60","0","-1.2","out","1104.929586424093","1223.203903349153","1301.7561522043895","118.27431692506002","196.8265657802965","dc","true","20260909","CASE2","2"
"STC1/in-13","1","STC01-A-021-01","0","0","-1.2","in","1030.9805604296603","1327.7561522043895","1362.7989851749858","296.77559177472926","331.8184247453255","in","true","20260909","CASE1","1"
"STC1/out-15","1","STC01-A-016-10","0","10","-1.2","out","1188.0321628081479","1382.4656518416525","1435.6751514789153","194.43348903350466","247.6429886707674","out","true","20260909","CASE3","3"
"STC1/in-16","1","STC01-B-015-01","30","0","-1.2","in","1274.2622867173382","1435.6751514789153","1470.379744907591","161.4128647615771","196.11745819025282","dc","true","20260909","CASE4","4"
"STC1/out-16","1","STC01-A-027-10","30","0","-1.2","out","1271.8206006927148","1435.6751514789153","1527.2559112115205","163.85455078620043","255.43531051880564","dc","true","20260909","CASE4","4"
"STC1/in-15","1","STC01-B-009-08","0","10","-1.2","in","1194.8892805898295","1527.2559112115205","1570.2987441821167","332.366630621691","375.40946359228724","in","true","20260909","CASE3","3"
"STC1/in-17","1","STC01-A-011-02","0","0","-1.2","in","1365.1371583821517","1581.9654108487834","1622.841577152713","216.82825246663174","257.70441877056123","dc","true","20260909","CASE5","5"
"STC1/out-17","1","STC01-A-030-03","0","10","-1.2","out","1365.8089496607759","1581.9654108487834","1682.051076789976","216.1564611880076","316.24212712920007","dc","true","20260909","CASE5","5"
"STC1/in-18","1","STC01-B-021-09","0","10","-1.2","in","1444.5110404584557","1694.551076789976","1742.0939097605722","250.04003633152024","297.5828693021165","in","true","20260909","CASE6","6"
"STC1/out-18","1","STC01-B-003-02","0","0","-1.2","out","1454.8587384367627","1761.760576427239","1793.1920434393635","306.9018379904762","338.3333050026008","out","true","20260909","CASE6","6"
"STC1/in-19","1","STC01-B-025-02","0","0","-1.2","in","1533.0029831321112","1793.1920434393635","1830.9015430766262","260.18906030725225","297.898559944515","dc","true","20260909","CASE1","1"
"STC1/out-19","1","STC01-B-019-07","0","0","-1.2","out","1544.082282756322","1793.1920434393635","1876.611042713889","249.1097606830415","332.528759957567","dc","true","20260909","CASE1","1"
"STC1/out-20","1","STC01-B-013-02","60","0","-1.2","out","1623.576401453465","1876.611042713889","1923.9872090178185","253.034641260424","300.4108075643535","out","true","20260909","CASE2","2"
"STC1/in-21","1","STC01-B-001-06","0","10","-1.2","in","1714.291044932657","1923.9872090178185","1968.6918024464942","209.6961640851614","254.4007575138371","dc","true","20260909","CASE3","3"
"STC1/out-21","1","STC01-A-002-09","0","10","-1.2","out","1705.319663038743","1923.9872090178185","2001.5679687504237","218.66754597907538","296.2483057116806","dc","true","20260909","CASE3","3"
"STC1/in-20","1","STC01-B-021-03","0","0","-1.2","in","1627.2103978374175","2001.5679687504237","2049.11080172102","374.35757091300616","421.9004038836024","in","true","20260909","CASE2","2"
"STC1/out-22","1","STC01-B-016-10","30","0","-1.2","out","1788.0645819141394","2068.7774683876864","2127.153634691616","280.7128864735471","339.0890527774766","out","true","20260909","CASE4","4"
"STC1/in-23","1","STC01-B-027-08","0","0","-1.2","in","1873.8007435734783","2127.153634691616","2182.196467662212","253.35289111813768","308.3957240887337","dc","true","20260909","CASE5","5"
"STC1/out-23","1","STC01-A-026-09","0","10","-1.2","out","1877.0283758041578","2127.153634691616","2224.5726339661414","250.12525888745813","347.54425816198363","dc","true","20260909","CASE5","5"
"STC1/in-22","1","STC01-A-024-06","30","0","-1.2","in","1796.376132180116","2237.0726339661414","2281.948800270071","440.69650178602546","485.57266808995496","in","true","20260909","CASE4","4"
"STC1/in-24","1","STC01-A-012-07","0","10","-1.2","in","1952.3725335552756","2295.448800270071","2340.491633240667","343.07626671479534","388.11909968539135","dc","true","20260909","CASE6","6"
"STC1/out-24","1","STC01-A-021-03","0","0","-1.2","out","1959.794101716418","2295.448800270071","2387.034466211263","335.6546985536529","427.2403644948449","dc","true","20260909","CASE6","6"
"STC1/in-25","1","STC01-B-027-04","0","0","-1.2","in","2041.7742392700166","2399.534466211263","2451.077299181859","357.7602269412464","409.3030599118424","in","true","20260909","CASE1","1"
"STC1/out-25","1","STC01-A-023-05","0","0","-1.2","out","2052.4302450327996","2474.7439658485255","2532.120132152455","422.3137208157259","479.6898871196554","out","true","20260909","CASE1","1"
"STC1/in-26","1","STC01-A-021-10","0","0","-1.2","in","2133.5246772279165","2532.120132152455","2568.9962984563845","398.59545492453844","435.47162122846794","dc","true","20260909","CASE2","2"
"STC1/out-26","1","STC01-B-011-04","60","0","-1.2","out","2132.2802993362498","2532.120132152455","2617.372464760314","399.8398328162052","485.0921654240642","dc","true","20260909","CASE2","2"
"STC1/out-27","1","STC01-A-020-02","0","10","-1.2","out","2223.2164467924404","2643.372464760314","2696.7486310642435","420.1560179678736","473.5321842718031","out","true","20260909","CASE3","3"
"STC1/in-28","1","STC01-A-006-02","30","0","-1.2","in","2308.2312422950886","2696.7486310642435","2740.4581307015064","388.5173887691549","432.22688840641786","dc","true","20260909","CASE4","4"
"STC1/out-28","1","STC01-A-026-03","30","0","-1.2","out","2315.8000680298674","2696.7486310642435","2787.6676303387694","380.9485630343761","471.86756230890205","dc","true","20260909","CASE4","4"
"STC1/in-27","1","STC01-A-019-06","0","10","-1.2","in","2224.9856252050295","2787.6676303387694","2837.3771299760324","562.68200513374","612.3915047710029","in","true","20260909","CASE3","3"
"STC1/in-29","1","STC01-A-010-07","0","0","-1.2","in","2387.826792142753","2855.710463309366","2899.0866296132954","467.88367116661266","511.25983747054215","in","true","20260909","CASE5","5"
"STC1/in-30","1","STC01-A-026-08","0","10","-1.2","in","2466.4343985835358","2914.5866296132954","2965.462795917225","448.1522310297596","499.0283973336891","dc","true","20260909","CASE6","6"
"STC1/out-30","1","STC01-A-020-09","0","0","-1.2","out","2498.1474980006788","2914.5866296132954","3009.7197937408014","416.4391316126166","511.5722957401226","dc","true","20260909","CASE6","6"
"STC1/out-29","1","STC01-A-024-09","0","10","-1.2","out","2404.4290015553784","3022.2197937408014","3080.929293378064","617.790792185423","676.5002918226855","out","true","20260909","CASE5","5"
"STC1/in-31","1","STC01-B-015-03","0","0","-1.2","in","2553.550684249827","3080.929293378064","3124.47212634866","527.3786091282368","570.9214420988328","dc","true","20260909","CASE1","1"
"STC1/out-31","1","STC01-A-030-07","0","0","-1.2","out","2590.914752311738","3080.929293378064","3181.014959319256","490.0145410663258","590.1002070075178","dc","true","20260909","CASE1","1"
"STC1/in-32","1","STC01-B-012-10","0","0","-1.2","in","2647.1078591461164","3181.014959319256","3217.8911256231854","533.9071001731395","570.783266477069","in","true","20260909","CASE2","2"
"STC1/out-32","1","STC01-B-027-09","60","0","-1.2","out","2673.338752885216","3239.3911256231854","3297.9339585937814","566.0523727379696","624.5952057085656","out","true","20260909","CASE2","2"
"STC1/in-33","1","STC01-A-027-07","0","10","-1.2","in","2730.6196043600467","3297.9339585937814","3362.9767915643774","567.3143542337348","632.3571872043308","dc","true","20260909","CASE3","3"
"STC1/out-33","1","STC01-A-010-06","0","10","-1.2","out","2757.48250260683","3297.9339585937814","3407.519624534974","540.4514559869513","650.0371219281437","dc","true","20260909","CASE3","3"
"STC1/in-34","1","STC01-A-010-10","30","0","-1.2","in","2810.0713762813916","3407.519624534974","3460.3957908389034","597.4482482535823","650.3244145575118","in","true","20260909","CASE4","4"
"STC1/in-35","1","STC01-A-022-02","0","0","-1.2","in","2888.020615476583","3481.8957908389034","3533.6052904761664","593.8751753623205","645.5846749995835","dc","true","20260909","CASE5","5"
"STC1/out-35","1","STC01-B-009-01","0","10","-1.2","out","2924.3167533499322","3481.8957908389034","3574.814790113429","557.5790374889712","650.4980367634967","dc","true","20260909","CASE5","5"
"STC1/out-34","1","STC01-B-011-07","30","0","-1.2","out","2844.8581460903265","3587.314790113429","3633.6909564173584","742.4566440231024","788.8328103270319","out","true","20260909","CASE4","4"
"STC1/in-36","1","STC01-A-014-04","0","10","-1.2","in","2970.5824934757716","3633.6909564173584","3680.067122721288","663.1084629415868","709.4846292455163","in","true","20260909","CASE6","6"
"STC1/in-37","1","STC01-B-010-03","0","0","-1.2","in","3063.0058245653554","3695.067122721288","3735.276622358551","632.0612981559325","672.2707977931955","dc","true","20260909","CASE1","1"
"STC1/out-37","1","STC01-A-010-09","0","0","-1.2","out","3096.2754117857135","3695.067122721288","3784.1527886624804","598.7917109355744","687.8773768767669","dc","true","20260909","CASE1","1"
"STC1/out-36","1","STC01-B-022-01","0","0","-1.2","out","3016.127282484834","3784.1527886624804","3840.195621633077","768.0255061776465","824.068339148243","out","true","20260909","CASE6","6"
"STC1/in-38","1","STC01-B-017-05","0","0","-1.2","in","3141.748975859955","3840.195621633077","3872.5717879370063","698.4466457731219","730.8228120770514","dc","true","20260909","CASE2","2"
"STC1/out-38","1","STC01-B-017-03","60","0","-1.2","out","3185.070928532098","3840.195621633077","3908.947954240936","655.1246931009787","723.8770257088377","dc","true","20260909","CASE2","2"
"STC1/in-39","1","STC01-B-012-07","0","10","-1.2","in","3231.6442913176224","3934.947954240936","3976.490787211532","703.3036629233134","744.8464958939094","in","true","20260909","CASE3","3"
"STC1/out-39","1","STC01-A-011-03","0","10","-1.2","out","3263.558452191896","3990.1574538781983","4031.533620182128","726.5990016863025","767.975167990232","out","true","20260909","CASE3","3"
"STC1/in-40","1","STC01-B-016-09","30","0","-1.2","in","3321.918208895783","4031.533620182128","4082.4097864860573","709.6154112863446","760.4915775902741","dc","true","20260909","CASE4","4"
"STC1/out-40","1","STC01-A-009-04","30","0","-1.2","out","3344.7165435246593","4031.533620182128","4120.049831800571","686.8170766574685","775.3332882759119","dc","true","20260909","CASE4","4"
"STC1/in-41","1","STC01-A-004-06","0","0","-1.2","in","3410.16374461885","4120.049831800571","4164.925998104501","709.886087181721","754.7622534856505","in","true","20260909","CASE5","5"
"STC1/in-42","1","STC01-B-020-04","0","10","-1.2","in","3492.624073725726","4178.425998104501","4225.30216440843","685.8019243787749","732.6780906827044","dc","true","20260909","CASE6","6"
"STC1/out-42","1","STC01-A-025-04","0","0","-1.2","out","3518.7959434078743","4178.425998104501","4271.575152431469","659.6300546966263","752.7792090235948","dc","true","20260909","CASE6","6"
"STC1/out-41","1","STC01-B-007-02","0","10","-1.2","out","3428.421006693638","4284.075152431469","4319.979076756568","855.6541457378312","891.5580700629303","out","true","20260909","CASE5","5"
"STC1/in-43","1","STC01-B-021-06","0","0","-1.2","in","3573.9501059081936","4319.979076756568","4367.521909727165","746.0289708483747","793.5718038189711","in","true","20260909","CASE1","1"
"STC1/in-44","1","STC01-A-017-10","0","0","-1.2","in","3653.0572191319825","4387.188576393832","4424.064742697761","734.1313572618492","771.0075235657787","dc","true","20260909","CASE2","2"
"STC1/out-44","1","STC01-B-012-03","60","0","-1.2","out","3692.0447277636936","4387.188576393832","4473.774242335024","695.1438486301381","781.7295145713301","dc","true","20260909","CASE2","2"
"STC1/out-43","1","STC01-A-018-10","0","0","-1.2","out","3607.370966970921","4499.774242335024","4558.150408638953","892.4032753641027","950.7794416680322","out","true","20260909","CASE1","1"
"STC1/in-45","1","STC01-A-018-10","0","10","-1.2","in","3738.579417749175","4558.150408638953","4603.69324160955","819.5709908897784","865.1138238603749","dc","true","20260909","CASE3","3"
"STC1/out-45","1","STC01-B-012-08","0","10","-1.2","out","3776.300157755614","4558.150408638953","4642.116906099793","781.8502508833394","865.8167483441789","dc","true","20260909","CASE3","3"
"STC1/in-46","1","STC01-B-023-01","30","0","-1.2","in","3816.315041152494","4642.116906099793","4684.481160885423","825.8018649472988","868.1661197329295","in","true","20260909","CASE4","4"
"STC1/out-46","1","STC01-A-016-09","30","0","-1.2","out","3866.637562802062","4695.469249367125","4749.845415671054","828.8316865650627","883.2078528689922","out","true","20260909","CASE4","4"
"STC1/in-47","1","STC01-B-001-09","0","0","-1.2","in","3897.614413306915","4749.845415671054","4800.721581974984","852.2310023641389","903.1071686680684","dc","true","20260909","CASE5","5"
"STC1/out-47","1","STC01-A-010-01","0","10","-1.2","out","3952.5740108319696","4749.845415671054","4846.431081612246","797.2714048390844","893.8570707802764","dc","true","20260909","CASE5","5"
"STC1/in-48","1","STC01-B-016-10","0","10","-1.2","in","3988.677577253963","4858.931081612246","4903.140581249509","870.253504358283","914.4630039955455","in","true","20260909","CASE6","6"
"STC1/in-49","1","STC01-A-025-08","0","0","-1.2","in","4072.6497604378633","4919.473914582842","4969.683414220104","846.8241541449784","897.0336537822409","dc","true","20260909","CASE1","1"
"STC1/out-49","1","STC01-B-024-07","0","0","-1.2","out","4127.641867617412","4919.473914582842","5010.726247190701","791.83204696543","883.084379573289","dc","true","20260909","CASE1","1"
"STC1/out-48","1","STC01-B-015-09","0","0","-1.2","out","4041.9165852971914","5010.726247190701","5065.10241349463","968.8096618935092","1023.1858281974387","out","true","20260909","CASE6","6"
"STC1/in-50","1","STC01-A-007-03","0","0","-1.2","in","4164.087628960343","5065.10241349463","5090.742458809144","901.0147845342872","926.6548298488015","in","true","20260909","CASE2","2"
"STC1/in-51","1","STC01-B-011-04","0","10","-1.2","in","4242.507608019348","5101.006337819729","5141.882504123659","858.4987298003816","899.3748961043111","dc","true","20260909","CASE3","3"
"STC1/out-51","1","STC01-A-013-05","0","10","-1.2","out","4302.621475862606","5101.006337819729","5177.008029364012","798.3848619571236","874.3865535014065","dc","true","20260909","CASE3","3"
"STC1/out-50","1","STC01-B-010-09","60","0","-1.2","out","4208.74422158913","5177.008029364012","5224.384195667942","968.2638077748825","1015.639974078812","out","true","20260909","CASE2","2"
"STC1/in-52","1","STC01-A-007-08","30","0","-1.2","in","4330.964187958411","5224.384195667942","5273.260361971871","893.4200077095311","942.2961740134606","dc","true","20260909","CASE4","4"
"STC1/out-52","1","STC01-A-018-08","30","0","-1.2","out","4391.461459112221","5224.384195667942","5318.969861609134","832.9227365557208","927.5084024969128","dc","true","20260909","CASE4","4"
"STC1/in-53","1","STC01-A-029-10","0","0","-1.2","in","4410.084581242076","5318.969861609134","5375.346027913063","908.8852803670579","965.2614466709874","in","true","20260909","CASE5","5"
"STC1/out-53","1","STC01-B-011-08","0","10","-1.2","out","4473.894375819447","5400.346027913063","5446.222194216993","926.4516520936158","972.3278183975453","out","true","20260909","CASE5","5"
"STC1/in-54","1","STC01-A-026-09","0","10","-1.2","in","4490.589933082727","5446.222194216993","5484.598360520922","955.6322611342657","994.0084274381952","dc","true","20260909","CASE6","6"
"STC1/out-54","1","STC01-B-014-01","0","0","-1.2","out","4555.414683857401","5446.222194216993","5532.974526824852","890.807510359592","977.559842967451","dc","true","20260909","CASE6","6"
"STC1/in-55","1","STC01-B-008-02","0","0","-1.2","in","4578.419439675552","5545.474526824852","5584.338781610482","967.0550871492997","1005.9193419349303","in","true","20260909","CASE1","1"
"STC1/in-56","1","STC01-A-023-06","0","0","-1.2","in","4662.612999411565","5595.3268700921835","5631.703036396113","932.7138706806181","969.0900369845476","dc","true","20260909","CASE2","2"
"STC1/out-56","1","STC01-A-014-05","60","0","-1.2","out","4727.366163743926","5595.3268700921835","5675.5792027000425","867.9607063482572","948.2130389561162","dc","true","20260909","CASE2","2"
"STC1/out-55","1","STC01-A-021-07","0","0","-1.2","out","4639.7072309641435","5701.5792027000425","5756.288702337306","1061.871971735899","1116.5814713731625","out","true","20260909","CASE1","1"
"STC1/in-57","1","STC01-A-009-10","0","10","-1.2","in","4744.420248341879","5756.288702337306","5795.831535307902","1011.8684539954265","1051.411286966023","in","true","20260909","CASE3","3"
"STC1/in-58","1","STC01-B-028-06","30","0","-1.2","in","4822.408407367766","5807.498201974569","5853.207701611832","985.0897946068035","1030.799294244066","dc","true","20260909","CASE4","4"
"STC1/out-58","1","STC01-B-018-05","30","0","-1.2","out","4893.941099405555","5807.498201974569","5892.250534582428","913.5571025690142","998.3094351768732","dc","true","20260909","CASE4","4"
"STC1/out-57","1","STC01-A-009-01","0","10","-1.2","out","4813.622924934275","5892.250534582428","5929.55724656361","1078.6276096481533","1115.9343216293346","out","true","20260909","CASE3","3"
"STC1/in-59","1","STC01-A-023-09","0","0","-1.2","in","4914.679426767731","5929.55724656361","5978.433412867539","1014.8778197958791","1063.7539860998086","dc","true","20260909","CASE5","5"
"STC1/out-59","1","STC01-B-009-06","0","10","-1.2","out","4984.588518724112","5929.55724656361","6020.309579171469","944.9687278394977","1035.7210604473566","dc","true","20260909","CASE5","5"
"STC1/in-60","1","STC01-B-017-09","0","10","-1.2","in","5002.867134719023","6032.809579171469","6077.685745475398","1029.9424444524457","1074.8186107563752","in","true","20260909","CASE6","6"
"STC1/out-60","1","STC01-A-020-07","0","0","-1.2","out","5069.945460257254","6094.685745475398","6148.061911779328","1024.740285218144","1078.1164515220735","out","true","20260909","CASE6","6"
"STC1/in-61","1","STC01-A-009-06","0","0","-1.2","in","5093.404809232536","6148.061911779328","6176.938078083257","1054.657102546792","1083.5332688507215","dc","true","20260909","CASE1","1"
"STC1/out-61","1","STC01-A-026-07","0","0","-1.2","out","5149.770490807881","6148.061911779328","6232.14757772052","998.2914209714463","1082.3770869126383","dc","true","20260909","CASE1","1"
"STC1/in-62","1","STC01-A-015-09","0","0","-1.2","in","5183.039707544127","6232.14757772052","6267.023744024449","1049.1078701763927","1083.9840364803222","in","true","20260909","CASE2","2"
"STC1/in-63","1","STC01-A-025-06","0","10","-1.2","in","5261.691942338699","6286.523744024449","6336.733243661712","1024.8318016857502","1075.0413013230127","dc","true","20260909","CASE3","3"
"STC1/out-63","1","STC01-B-021-05","0","10","-1.2","out","5315.167692642926","6286.523744024449","6379.4354934943585","971.3560513815228","1064.2678008514322","dc","true","20260909","CASE3","3"
"STC1/out-62","1","STC01-A-014-06","60","0","-1.2","out","5231.268757126694","6379.4354934943585","6426.811659798288","1148.1667363676643","1195.5429026715938","out","true","20260909","CASE2","2"
"STC1/in-64","1","STC01-B-029-01","30","0","-1.2","in","5349.290276205699","6426.811659798288","6473.1878261022175","1077.5213835925888","1123.8975498965183","in","true","20260909","CASE4","4"
"STC1/in-65","1","STC01-B-005-09","0","0","-1.2","in","5435.553061158529","6488.1878261022175","6539.063992406147","1052.6347649436884","1103.510931247618","dc","true","20260909","CASE5","5"
"STC1/out-65","1","STC01-A-019-01","0","10","-1.2","out","5482.5422736856035","6488.1878261022175","6590.7734920434095","1005.645552416614","1108.231218357806","dc","true","20260909","CASE5","5"
"STC1/out-64","1","STC01-B-030-03","30","0","-1.2","out","5401.366586546814","6603.2734920434095","6659.982991680673","1201.9069054965958","1258.6164051338592","out","true","20260909","CASE4","4"
"STC1/in-66","1","STC01-A-029-07","0","10","-1.2","in","5513.514703139663","6659.982991680673","6716.3591579846025","1146.4682885410102","1202.8444548449397","dc","true","20260909","CASE6","6"
"STC1/out-66","1","STC01-B-016-04","0","0","-1.2","out","5567.221447331832","6659.982991680673","6762.235324288532","1092.7615443488412","1195.0138769567002","dc","true","20260909","CASE6","6"
"STC1/in-67","1","STC01-B-019-08","0","0","-1.2","in","5597.148248953745","6774.735324288532","6820.9448239257945","1177.5870753347872","1223.7965749720497","in","true","20260909","CASE1","1"
"STC1/out-67","1","STC01-A-011-07","0","0","-1.2","out","5655.9947784138585","6839.2781572591275","6885.654323563057","1183.283378845269","1229.6595451491985","out","true","20260909","CASE1","1"
"STC1/in-68","1","STC01-B-010-02","0","0","-1.2","in","5679.624623873138","6885.654323563057","6913.3638232003195","1206.0296996899187","1233.7391993271813","dc","true","20260909","CASE2","2"
"STC1/out-68","1","STC01-B-006-02","60","0","-1.2","out","5738.41980180304","6885.654323563057","6958.7327396996325","1147.2345217600168","1220.3129378965923","dc","true","20260909","CASE2","2"
"STC1/in-69","1","STC01-B-020-07","0","10","-1.2","in","5771.08124409004","6984.7327396996325","7031.608906003562","1213.6514956095925","1260.527661913522","in","true","20260909","CASE3","3"
"STC1/in-70","1","STC01-B-006-08","30","0","-1.2","in","5851.403714194894","7050.608906003562","7099.4850723074915","1199.2051918086681","1248.0813581125976","dc","true","20260909","CASE4","4"
"STC1/out-70","1","STC01-B-026-05","30","0","-1.2","out","5916.743659881344","7050.608906003562","7146.694571944754","1133.8652461222182","1229.9509120634102","dc","true","20260909","CASE4","4"
"STC1/out-69","1","STC01-A-023-08","0","10","-1.2","out","5824.021693300457","7146.694571944754","7200.5707382486835","1322.6728786442973","1376.5490449482268","out","true","20260909","CASE3","3"
"STC1/in-71","1","STC01-B-009-07","0","0","-1.2","in","5932.590864707849","7200.5707382486835","7243.946904552613","1267.979873540835","1311.3560398447644","in","true","20260909","CASE5","5"
"STC1/in-72","1","STC01-A-020-01","0","10","-1.2","in","6026.090852145903","7259.446904552613","7306.3230708565425","1233.3560524067098","1280.2322187106392","dc","true","20260909","CASE6","6"
"STC1/out-72","1","STC01-B-012-01","0","0","-1.2","out","6097.426984107921","7259.446904552613","7346.19795503332","1162.0199204446917","1248.7709709253986","dc","true","20260909","CASE6","6"
"STC1/out-71","1","STC01-B-029-04","0","10","-1.2","out","6004.2714624200025","7358.69795503332","7424.074121337249","1354.4264926133174","1419.8026589172468","out","true","20260909","CASE5","5"
"STC1/in-73","1","STC01-A-013-04","0","0","-1.2","in","6119.949416132377","7424.074121337249","7466.283620974512","1304.124705204872","1346.3342048421346","dc","true","20260909","CASE1","1"
"STC1/out-73","1","STC01-A-002-05","0","0","-1.2","out","6184.4336893861855","7424.074121337249","7505.993120611774","1239.6404319510639","1321.559431225589","dc","true","20260909","CASE1","1"
"STC1/in-74","1","STC01-A-004-02","0","0","-1.2","in","6208.192224703463","7505.993120611774","7529.034015335772","1297.8008959083118","1320.8417906323093","in","true","20260909","CASE2","2"
"STC1/out-74","1","STC01-A-007-01","60","0","-1.2","out","6273.1705868496965","7536.69874375584","7584.005455737021","1263.5281569061435","1310.8348688873248","out","true","20260909","CASE2","2"
"STC1/in-75","1","STC01-A-020-08","0","10","-1.2","in","6296.3174860751515","7584.005455737021","7644.381622040951","1287.6879696618698","1348.0641359657993","dc","true","20260909","CASE3","3"
"STC1/out-75","1","STC01-A-004-03","0","10","-1.2","out","6360.713967291107","7584.005455737021","7683.589183431615","1223.2914884459142","1322.8752161405082","dc","true","20260909","CASE3","3"
"STC1/in-76","1","STC01-A-010-09","30","0","-1.2","in","6382.680918698065","7683.589183431615","7734.465349735545","1300.90826473355","1351.7844310374794","in","true","20260909","CASE4","4"