"job_id","kind","arrival_s","dispatch_s","complete_s","wait_s","lead_s","cycle","measurement_window","seed"
"in-1","in","0","0","33.833333333333336","0","33.833333333333336","dc","false","20260909"
"out-1","out","0","0","84.33333333333334","0","84.33333333333334","dc","false","20260909"
"out-2","out","88.6899339593947","88.6899339593947","125.1899339593947","0","36.5","out","false","20260909"
"in-2","in","89.65625963572944","125.1899339593947","161.6899339593947","35.53367432366525","72.03367432366525","in","false","20260909"
"out-3","out","176.68134510251028","176.68134510251028","219.18134510251028","0","42.5","out","false","20260909"
"in-3","in","180.57210010343363","219.18134510251028","252.18134510251028","38.60924499907665","71.60924499907665","in","false","20260909"
"out-4","out","256.6500084328332","256.6500084328332","299.78246453521365","0","43.132456102380445","out","false","20260909"
"in-4","in","274.5743384079209","299.78246453521365","334.78246453521365","25.208126127292758","60.20812612729276","in","false","20260909"
"out-5","out","342.06391675663843","342.06391675663843","391.06391675663843","0","49","out","false","20260909"
"in-5","in","353.6463597323745","391.06391675663843","412.06391675663843","37.41755702426394","58.41755702426394","in","false","20260909"
"out-6","out","420.32089039816384","420.32089039816384","468.1542237314972","0","47.83333333333337","out","false","20260909"
"in-6","in","439.9804173968732","468.1542237314972","501.1542237314972","28.173806334624032","61.17380633462403","in","false","20260909"
"out-7","out","505.7721434174371","505.7721434174371","541.1005705421833","0","35.328427124746156","out","false","20260909"
"in-7","in","528.5074725693889","541.1005705421833","566.1005705421833","12.59309797279434","37.59309797279434","in","false","20260909"
"out-8","out","588.1909219255405","588.1909219255405","623.6909219255405","0","35.5","out","true","20260909"
"in-8","in","607.213990325108","623.6909219255405","662.8575885922071","16.47693160043241","55.64359826709904","in","true","20260909"
"out-9","out","671.9781279577209","671.9781279577209","717.6105840601012","0","45.63245610238039","out","true","20260909"
"in-9","in","691.9478780057813","717.6105840601012","737.6658847682962","25.662706054319983","45.71800676251496","in","true","20260909"
"out-10","out","762.5877364951053","762.5877364951053","816.4210698284387","0","53.83333333333337","out","true","20260909"
"in-10","in","777.4748831255627","816.4210698284387","847.5877364951053","38.94618670287605","70.11285336954268","in","true","20260909"
"out-11","out","848.9122694198575","848.9122694198575","891.9122694198575","0","43","out","true","20260909"
"in-11","in","859.7890162707438","891.9122694198575","922.9122694198575","32.12325314911368","63.12325314911368","in","true","20260909"
"out-12","out","933.6232961062342","933.6232961062342","981.2899627729008","0","47.66666666666663","out","true","20260909"
"in-12","in","945.9402927543434","981.2899627729008","1016.2899627729008","35.34967001855739","70.34967001855739","in","true","20260909"
"out-13","out","1010.8138712003295","1016.2899627729008","1053.7899627729007","5.476091572571363","42.97609157257125","out","true","20260909"
"in-13","in","1030.9805604296603","1053.7899627729007","1092.9566294395675","22.809402343240436","61.97606900990718","in","true","20260909"
"out-14","out","1104.929586424093","1104.929586424093","1149.2295026714705","0","44.299916247377496","out","true","20260909"
"in-14","in","1112.6383648799465","1149.2295026714705","1182.3961693381373","36.591137791524034","69.75780445819078","in","true","20260909"
"out-15","out","1188.0321628081479","1188.0321628081479","1243.5321628081479","0","55.5","out","true","20260909"
"in-15","in","1194.8892805898295","1243.5321628081479","1272.6988294748146","48.64288221831839","77.80954888498513","in","true","20260909"
"out-16","out","1271.8206006927148","1272.6988294748146","1330.3654961414813","0.8782287820997681","58.54489544876651","out","true","20260909"
"in-16","in","1274.2622867173382","1330.3654961414813","1361.3654961414813","56.10320942414319","87.10320942414319","in","true","20260909"
"in-17","in","1365.1371583821517","1365.1371583821517","1409.1371583821517","0","44","in","true","20260909"
"out-17","out","1365.8089496607759","1409.1371583821517","1466.9704917154852","43.32820872137586","101.16154205470934","out","true","20260909"
"in-18","in","1444.5110404584557","1466.9704917154852","1500.137158382152","22.459451257029514","55.626117923696256","dc","true","20260909"
"out-18","out","1454.8587384367627","1466.9704917154852","1537.692459090347","12.111753278722517","82.83372065358435","dc","true","20260909"
"in-19","in","1533.0029831321112","1537.692459090347","1573.5257924236803","4.689475958235789","40.52280929156905","in","true","20260909"
"out-19","out","1544.082282756322","1573.5257924236803","1617.8591257570135","29.443509667358285","73.77684300069154","out","true","20260909"
"out-20","out","1623.576401453465","1623.576401453465","1665.7430681201315","0","42.166666666666515","out","true","20260909"
"in-20","in","1627.2103978374175","1665.7430681201315","1692.7430681201315","38.53267028271398","65.53267028271398","in","true","20260909"
"out-21","out","1705.319663038743","1705.319663038743","1746.819663038743","0","41.5","out","true","20260909"
"in-21","in","1714.291044932657","1746.819663038743","1779.9863297054098","32.528618106086014","65.69528477275276","in","true","20260909"
"out-22","out","1788.0645819141394","1788.0645819141394","1839.5645819141394","0","51.5","out","true","20260909"
"in-22","in","1796.376132180116","1839.5645819141394","1876.731248580806","43.18844973402338","80.35511640069012","in","true","20260909"
"in-23","in","1873.8007435734783","1876.731248580806","1935.5645819141396","2.930505007327838","61.76383834066132","in","true","20260909"
"out-23","out","1877.0283758041578","1935.5645819141396","1982.5645819141396","58.53620610998178","105.53620610998178","out","true","20260909"
"in-24","in","1952.3725335552756","1982.5645819141396","2011.5645819141396","30.192048358863985","59.192048358863985","dc","true","20260909"
"out-24","out","1959.794101716418","1982.5645819141396","2056.231248580806","22.770480197721554","96.43714686438807","dc","true","20260909"
"in-25","in","2041.7742392700166","2056.231248580806","2093.3979152474726","14.457009310789545","51.62367597745606","dc","true","20260909"
"out-25","out","2052.4302450327996","2056.231248580806","2135.5573321095235","3.80100354800652","83.12708707672391","dc","true","20260909"
"in-26","in","2133.5246772279165","2135.5573321095235","2170.5573321095235","2.032654881606959","37.03265488160696","dc","true","20260909"
"out-26","out","2132.2802993362498","2135.5573321095235","2211.0573321095235","3.2770327732737314","78.77703277327373","dc","true","20260909"
"out-27","out","2223.2164467924404","2223.2164467924404","2274.7164467924404","0","51.5","out","true","20260909"
"in-27","in","2224.9856252050295","2274.7164467924404","2297.697909182645","49.7308215874109","72.7122839776157","in","true","20260909"
"in-28","in","2308.2312422950886","2308.2312422950886","2349.546038018627","0","41.31479572353828","in","true","20260909"
"out-28","out","2315.8000680298674","2349.546038018627","2396.678494121007","33.7459699887595","80.87842609113977","out","true","20260909"
"in-29","in","2387.826792142753","2396.678494121007","2425.678494121007","8.851701978253914","37.851701978253914","in","true","20260909"
"out-29","out","2404.4290015553784","2425.678494121007","2471.3451607876736","21.24949256562877","66.91615923229529","out","true","20260909"
"in-30","in","2466.4343985835358","2471.3451607876736","2507.8451607876736","4.910762204137882","41.41076220413788","in","true","20260909"
"out-30","out","2498.1474980006788","2507.8451607876736","2548.9278530574306","9.697662786994897","50.78035505675189","out","true","20260909"
"in-31","in","2553.550684249827","2553.550684249827","2582.7173509164936","0","29.166666666666515","in","true","20260909"
"out-31","out","2590.914752311738","2590.914752311738","2646.0814189784046","0","55.166666666666515","out","true","20260909"
"in-32","in","2647.1078591461164","2647.1078591461164","2682.1078591461164","0","35","in","true","20260909"
"out-32","out","2673.338752885216","2682.1078591461164","2735.274525812783","8.769106260900571","61.935772927567086","out","true","20260909"
"in-33","in","2730.6196043600467","2735.274525812783","2772.4411924794495","4.654921452736289","41.821588119402804","in","true","20260909"
"out-33","out","2757.48250260683","2772.4411924794495","2816.774525812783","14.958689872619289","59.29202320595277","out","true","20260909"
"in-34","in","2810.0713762813916","2816.774525812783","2851.774525812783","6.703149531391318","41.70314953139132","in","true","20260909"
"out-34","out","2844.8581460903265","2851.774525812783","2897.4411924794495","6.9163797224564405","52.583046389122956","out","true","20260909"
"in-35","in","2888.020615476583","2897.4411924794495","2931.274525812783","9.420577002866594","43.25391033620008","in","true","20260909"
"out-35","out","2924.3167533499322","2931.274525812783","2973.6078591461164","6.9577724628506985","49.29110579618418","out","true","20260909"
"in-36","in","2970.5824934757716","2973.6078591461164","3002.1078591461164","3.025365670344854","31.525365670344854","in","true","20260909"
"out-36","out","3016.127282484834","3016.127282484834","3061.627282484834","0","45.5","out","true","20260909"
"in-37","in","3063.0058245653554","3063.0058245653554","3088.839157898689","0","25.833333333333485","in","true","20260909"
"out-37","out","3096.2754117857135","3096.2754117857135","3144.108745119047","0","47.833333333333485","out","true","20260909"
"in-38","in","3141.748975859955","3144.108745119047","3174.608745119047","2.3597692590919905","32.85976925909199","in","true","20260909"
"out-38","out","3185.070928532098","3185.070928532098","3222.070928532098","0","37","out","true","20260909"
"in-39","in","3231.6442913176224","3231.6442913176224","3260.6442913176224","0","29","in","true","20260909"
"out-39","out","3263.558452191896","3263.558452191896","3300.558452191896","0","37","out","true","20260909"
"in-40","in","3321.918208895783","3321.918208895783","3354.918208895783","0","33","in","true","20260909"
"out-40","out","3344.7165435246593","3354.918208895783","3392.5848755624497","10.201665371123909","47.868332037790424","out","true","20260909"
"in-41","in","3410.16374461885","3410.16374461885","3437.16374461885","0","27","in","true","20260909"
"out-41","out","3428.421006693638","3437.16374461885","3492.9970779521836","8.742737925212168","64.57607125854565","out","true","20260909"
"in-42","in","3492.624073725726","3492.9970779521836","3525.4970779521836","0.3730042264578515","32.87300422645785","in","true","20260909"
"out-42","out","3518.7959434078743","3525.4970779521836","3563.9276236294345","6.701134544309298","45.131680221560146","out","true","20260909"
"in-43","in","3573.9501059081936","3573.9501059081936","3607.11677257486","0","33.166666666666515","in","true","20260909"
"out-43","out","3607.370966970921","3607.370966970921","3646.5376336375875","0","39.166666666666515","out","true","20260909"
"in-44","in","3653.0572191319825","3653.0572191319825","3684.223885798649","0","31.166666666666515","in","true","20260909"
"out-44","out","3692.0447277636936","3692.0447277636936","3741.5447277636936","0","49.5","out","true","20260909"
"in-45","in","3738.579417749175","3741.5447277636936","3776.5447277636936","2.9653100145187636","37.965310014518764","in","true","20260909"
"out-45","out","3776.300157755614","3776.5447277636936","3817.4255592833406","0.24457000807979057","41.12540152772681","out","true","20260909"
"in-46","in","3816.315041152494","3817.4255592833406","3851.9255592833406","1.1105181308466854","35.610518130846685","in","true","20260909"
"out-46","out","3866.637562802062","3866.637562802062","3918.137562802062","0","51.5","out","true","20260909"
"in-47","in","3897.614413306915","3918.137562802062","3951.137562802062","20.523149495146754","53.523149495146754","in","true","20260909"
"out-47","out","3952.5740108319696","3952.5740108319696","3996.907344165303","0","44.333333333333485","out","true","20260909"
"in-48","in","3988.677577253963","3996.907344165303","4031.907344165303","8.229766911339993","43.22976691133999","in","true","20260909"
"out-48","out","4041.9165852971914","4041.9165852971914","4088.4153031700394","0","46.49871787284792","out","true","20260909"
"in-49","in","4072.6497604378633","4088.4153031700394","4124.248636503373","15.765542732176073","51.59887606550956","in","true","20260909"
"out-49","out","4127.641867617412","4127.641867617412","4173.308534284079","0","45.66666666666697","out","true","20260909"
"in-50","in","4164.087628960343","4173.308534284079","4197.072413294663","9.220905323735678","32.984784334320466","in","true","20260909"
"out-50","out","4208.74422158913","4208.74422158913","4246.458386442109","0","37.71416485297959","out","true","20260909"
"in-51","in","4242.507608019348","4246.458386442109","4272.958386442109","3.9507784227616867","30.450778422761687","in","true","20260909"
"out-51","out","4302.621475862606","4302.621475862606","4350.121475862606","0","47.5","out","true","20260909"
"in-52","in","4330.964187958411","4350.121475862606","4381.121475862606","19.157287904195073","50.15728790419507","in","true","20260909"
"out-52","out","4391.461459112221","4391.461459112221","4435.961459112221","0","44.5","out","true","20260909"
"in-53","in","4410.084581242076","4435.961459112221","4474.461459112221","25.87687787014511","64.37687787014511","in","true","20260909"
"out-53","out","4473.894375819447","4474.461459112221","4523.461459112221","0.5670832927735319","49.56708329277353","out","true","20260909"
"in-54","in","4490.589933082727","4523.461459112221","4559.961459112221","32.87152602949391","69.37152602949391","in","true","20260909"
"out-54","out","4555.414683857401","4559.961459112221","4606.961459112221","4.546775254820204","51.546775254820204","out","true","20260909"
"in-55","in","4578.419439675552","4606.961459112221","4631.449547593922","28.542019436668852","53.03010791837005","in","true","20260909"
"out-55","out","4639.7072309641435","4639.7072309641435","4678.08806248379","0","38.38083151964656","out","true","20260909"
"in-56","in","4662.612999411565","4678.08806248379","4712.58806248379","15.475063072224657","49.97506307222466","in","true","20260909"
"out-56","out","4727.366163743926","4727.366163743926","4767.032830410593","0","39.66666666666697","out","true","20260909"
"in-57","in","4744.420248341879","4767.032830410593","4802.032830410593","22.61258206871389","57.61258206871389","in","true","20260909"
"out-57","out","4813.622924934275","4813.622924934275","4857.289591600942","0","43.66666666666697","out","true","20260909"
"in-58","in","4822.408407367766","4857.289591600942","4895.122924934275","34.8811842331761","72.71451756650913","in","true","20260909"
"out-58","out","4893.941099405555","4895.122924934275","4938.956258267609","1.1818255287198554","45.015158862053795","out","true","20260909"
"in-59","in","4914.679426767731","4938.956258267609","4973.456258267609","24.276831499878426","58.776831499878426","in","true","20260909"
"out-59","out","4984.588518724112","4984.588518724112","5026.921852057445","0","42.33333333333303","out","true","20260909"
"in-60","in","5002.867134719023","5026.921852057445","5059.921852057445","24.05471733842205","57.05471733842205","in","true","20260909"
"out-60","out","5069.945460257254","5069.945460257254","5109.578709837965","0","39.63324958071098","out","true","20260909"
"in-61","in","5093.404809232536","5109.578709837965","5136.578709837965","16.17390060542948","43.17390060542948","in","true","20260909"
"out-61","out","5149.770490807881","5149.770490807881","5203.603824141214","0","53.83333333333303","out","true","20260909"
"in-62","in","5183.039707544127","5203.603824141214","5236.603824141214","20.564116597087377","53.56411659708738","in","true","20260909"
"out-62","out","5231.268757126694","5236.603824141214","5280.270490807881","5.335067014520064","49.001733681187034","out","true","20260909"
"in-63","in","5261.691942338699","5280.270490807881","5316.103824141214","18.57854846918235","54.41188180251538","in","true","20260909"
"out-63","out","5315.167692642926","5316.103824141214","5357.937157474547","0.9361314982879776","42.76946483162101","out","true","20260909"
"in-64","in","5349.290276205699","5357.937157474547","5396.437157474547","8.64688126884812","47.14688126884812","in","true","20260909"
"out-64","out","5401.366586546814","5401.366586546814","5445.866586546814","0","44.5","out","true","20260909"
"in-65","in","5435.553061158529","5445.866586546814","5470.866586546814","10.313525388284688","35.31352538828469","in","true","20260909"
"out-65","out","5482.5422736856035","5482.5422736856035","5544.375607018937","0","61.83333333333394","out","true","20260909"
"in-66","in","5513.514703139663","5544.375607018937","5582.875607018937","30.8609038792747","69.3609038792747","in","true","20260909"
"out-66","out","5567.221447331832","5582.875607018937","5627.375607018937","15.654159687105675","60.154159687105675","out","true","20260909"
"in-67","in","5597.148248953745","5627.375607018937","5659.2089403522705","30.227358065192675","62.060691398525705","in","true","20260909"
"out-67","out","5655.9947784138585","5659.2089403522705","5699.540991558451","3.214161938411962","43.54621314459291","out","true","20260909"
"in-68","in","5679.624623873138","5699.540991558451","5725.374324891784","19.916367685313162","45.74970101864619","in","true","20260909"
"out-68","out","5738.41980180304","5738.41980180304","5769.560681055295","0","31.140879252255218","out","true","20260909"
"in-69","in","5771.08124409004","5771.08124409004","5803.58124409004","0","32.5","in","true","20260909"
"out-69","out","5824.021693300457","5824.021693300457","5870.402524820103","0","46.38083151964656","out","true","20260909"
"in-70","in","5851.403714194894","5870.402524820103","5894.166403830688","18.998810625209444","42.76268963579423","in","true","20260909"
"out-70","out","5916.743659881344","5916.743659881344","5967.910326548011","0","51.16666666666697","out","true","20260909"
"in-71","in","5932.590864707849","5967.910326548011","5996.910326548011","35.31946184016215","64.31946184016215","in","true","20260909"
"out-71","out","6004.2714624200025","6004.2714624200025","6045.9381290866695","0","41.66666666666697","out","true","20260909"
"in-72","in","6026.090852145903","6045.9381290866695","6078.4381290866695","19.847276940766278","52.34727694076628","in","true","20260909"
"out-72","out","6097.426984107921","6097.426984107921","6147.926984107921","0","50.5","out","true","20260909"
"in-73","in","6119.949416132377","6147.926984107921","6175.760317441254","27.977567975543934","55.810901308876964","in","true","20260909"
"out-73","out","6184.4336893861855","6184.4336893861855","6222.7670227195185","0","38.33333333333303","out","true","20260909"
"in-74","in","6208.192224703463","6222.7670227195185","6243.931751139587","14.574798016055865","35.739526436123924","in","true","20260909"
"out-74","out","6273.1705868496965","6273.1705868496965","6304.067715440992","0","30.89712859129577","out","true","20260909"
"in-75","in","6296.3174860751515","6304.067715440992","6336.567715440992","7.7502293658408234","40.25022936584082","in","true","20260909"
"out-75","out","6360.713967291107","6360.713967291107","6398.545362377842","0","37.83139508673503","out","true","20260909"
"in-76","in","6382.680918698065","6398.545362377842","6431.545362377842","15.864443679776741","48.86444367977674","in","true","20260909"
"out-76","out","6449.783294363215","6449.783294363215","6487.2647567534195","0","37.4814623902048","out","true","20260909"
"in-77","in","6461.23159254635","6487.2647567534195","6525.098090086753","26.033164207069603","63.866497540402634","in","true","20260909"
"out-77","out","6530.066448021681","6530.066448021681","6573.899781355015","0","43.83333333333394","out","true","20260909"
"in-78","in","6541.878778677699","6573.899781355015","6610.399781355015","32.021002677315664","68.52100267731566","in","true","20260909"
"out-78","out","6613.479444757105","6613.479444757105","6659.146111423772","0","45.66666666666697","out","true","20260909"
"in-79","in","6622.2286251120795","6659.146111423772","6689.646111423772","36.9174863116923","67.4174863116923","in","true","20260909"
"out-79","out","6693.887372986814","6693.887372986814","6736.220706320147","0","42.33333333333303","out","true","20260909"
"in-80","in","6704.182728845625","6736.220706320147","6769.220706320147","32.03797747452154","65.03797747452154","in","true","20260909"
"out-80","out","6771.5098450279675","6771.5098450279675","6831.343178361301","0","59.83333333333394","out","true","20260909"
"in-81","in","6793.205645818794","6831.343178361301","6855.107057371886","38.13753254250696","61.90141155309175","in","true","20260909"
"out-81","out","6854.34720747439","6855.107057371886","6910.607057371886","0.7598498974957693","56.25984989749577","out","true","20260909"
"in-82","in","6887.243128752867","6910.607057371886","6935.773724038553","23.363928619019134","48.530595285686104","in","true","20260909"
"out-82","out","6944.667809259679","6944.667809259679","6986.167809259679","0","41.5","out","true","20260909"
"in-83","in","6964.796689962967","6986.167809259679","7017.334475926346","21.371119296712095","52.537785963379065","in","true","20260909"
"out-83","out","7030.373451172242","7030.373451172242","7077.873451172242","0","47.5","out","true","20260909"
"in-84","in","7042.134037546014","7077.873451172242","7105.706784505575","35.73941362622827","63.5727469595613","in","true","20260909"
"out-84","out","7111.9528094346515","7111.9528094346515","7164.4528094346515","0","52.5","out","true","20260909"
"in-85","in","7132.395079902239","7164.4528094346515","7193.4528094346515","32.05772953241285","61.05772953241285","in","true","20260909"
"out-85","out","7193.712368844344","7193.712368844344","7238.212368844344","0","44.5","out","true","20260909"
"in-86","in","7226.003222768859","7238.212368844344","7261.212368844344","12.209146075485478","35.20914607548548","in","true","20260909"
"out-86","out","7281.203443384065","7281.203443384065","7319.702161256913","0","38.49871787284792","out","true","20260909"
"in-87","in","7303.2252009346","7319.702161256913","7352.86882792358","16.47696032231306","49.64362698898003","in","true","20260909"
"out-87","out","7374.852228159352","7374.852228159352","7419.185561492685","0","44.33333333333303","out","true","20260909"
"in-88","in","7387.422271837878","7419.185561492685","7442.94944050327","31.763289654807522","55.52716866539231","in","true","20260909"
"out-88","out","7453.093615999181","7453.093615999181","7482.593615999181","0","29.5","out","true","20260909"
"in-89","in","7481.102238773766","7482.593615999181","7511.593615999181","1.491377225414908","30.491377225414908","in","true","20260909"
"out-89","out","7537.364066888446","7537.364066888446","7589.197400221779","0","51.83333333333303","out","true","20260909"
"in-90","in","7558.753369906915","7589.197400221779","7617.697400221779","30.444030314863994","58.944030314863994","in","true","20260909"
"out-90","out","7631.395634414097","7631.395634414097","7681.895634414097","0","50.5","out","true","20260909"
"in-91","in","7651.373754379205","7681.895634414097","7710.895634414097","30.521880034892092","59.52188003489209","in","true","20260909"
"out-91","out","7713.056143289433","7713.056143289433","7764.056143289433","0","51","out","true","20260909"