"job_id","from","to","quantity","arrival_s","dispatch_s","complete_s","wait_s","lead_s","measurement_window","seed"
"J000001","P1","D1","1","92.42540915030986","92.5","170.70000000000002","0.0745908496901393","78.27459084969016","false","20260911"
"J000003","P2","D1","1","103.64767132792623","103.7","195","0.05232867207377012","91.35232867207377","true","20260911"
"J000002","P1","D2","1","95.59039814863354","95.60000000000001","207.10000000000002","0.00960185136646885","111.50960185136648","true","20260911"
"J000004","P2","D2","1","109.22525606583804","109.30000000000001","231.4","0.07474393416197245","122.17474393416197","true","20260911"
"J000006","P2","D1","1","196.20234825182706","196.3","256.1","0.09765174817295019","59.89765174817296","true","20260911"
"J000005","P1","D1","1","194.9081722414121","195","297.90000000000003","0.09182775858789682","102.99182775858793","true","20260911"
"J000008","P2","D2","1","210.15691471286118","210.20000000000002","334.8","0.04308528713883675","124.64308528713883","true","20260911"
"J000010","P2","D1","1","288.83350926451385","288.90000000000003","343.40000000000003","0.0664907354861839","54.566490735486184","true","20260911"
"J000007","P1","D2","1","196.44074758514762","196.5","346.70000000000005","0.05925241485238075","150.25925241485243","true","20260911"
"J000009","P1","D2","1","287.8240799251944","287.90000000000003","407.6","0.07592007480565144","119.77592007480564","true","20260911"
"J000013","P2","D1","1","381.5042236633599","381.6","437.90000000000003","0.09577633664014229","56.395776336640154","true","20260911"
"J000012","P2","D2","1","306.263439678587","306.3","445.5","0.036560321412991925","139.23656032141298","true","20260911"
"J000011","P1","D1","1","296.62382650654763","296.7","458.20000000000005","0.0761734934523588","161.57617349345242","true","20260911"
"J000015","P1","D1","1","400.2325818594545","400.3","480.8","0.06741814054549877","80.5674181405455","true","20260911"
"J000014","P1","D2","1","389.3034584168345","389.40000000000003","494.5","0.0965415831655605","105.19654158316553","true","20260911"
"J000016","P2","D2","1","410.3601425793022","410.40000000000003","517.6","0.03985742069784237","107.23985742069783","true","20260911"
"J000017","P2","D1","1","482.56211060564965","482.6","548.6","0.03788939435037264","66.03788939435037","true","20260911"
"J000019","P1","D1","1","492.97100980300456","493","585.4","0.028990196995437145","92.42899019699541","true","20260911"
"J000018","P1","D2","1","490.63914987258613","490.70000000000005","594","0.06085012741391438","103.36085012741387","true","20260911"
"J000020","P2","D2","1","512.2761579044163","512.3000000000001","622.3000000000001","0.023842095583745504","110.02384209558375","true","20260911"
"J000021","P1","D1","1","584.9603233858943","585","675.8000000000001","0.03967661410570145","90.83967661410577","true","20260911"
"J000022","P2","D1","1","589.9752803798765","590","688.3000000000001","0.024719620123505592","98.32471962012357","true","20260911"
"J000023","P1","D2","1","598.432358680293","598.5","725.3000000000001","0.06764131970703602","126.8676413197071","true","20260911"
"J000024","P2","D2","1","609.3029744876549","609.4","737.8000000000001","0.09702551234511247","128.4970255123452","true","20260911"
"J000026","P2","D1","1","692.1944989170879","692.2","799.1","0.005501082912132915","106.90550108291211","true","20260911"
"J000027","P1","D2","1","694.8169030528516","694.9000000000001","839.8000000000001","0.08309694714853322","144.9830969471485","true","20260911"
"J000025","P1","D1","1","675.4497420787811","675.5","849.3000000000001","0.05025792121887207","173.85025792121894","true","20260911"
"J000029","P1","D1","1","785.1630207616836","785.2","866.4000000000001","0.036979238316462215","81.23697923831651","true","20260911"
"J000028","P2","D2","1","700.7561093335971","700.8000000000001","886.1","0.04389066640294459","185.3438906664029","true","20260911"
"J000030","P1","D2","1","788.3106743963435","788.4000000000001","902.5","0.08932560365656173","114.18932560365647","true","20260911"
"J000034","P2","D1","1","885.8554493542761","885.9000000000001","942.9000000000001","0.04455064572402989","57.04455064572403","true","20260911"
"J000032","P2","D2","1","802.3771860310808","802.4000000000001","946.7","0.022813968919308536","144.32281396891926","true","20260911"
"J000031","P2","D1","1","793.8214444788173","793.9000000000001","954.6","0.07855552118280684","160.77855552118274","true","20260911"
"J000033","P1","D1","1","885.1241468684748","885.2","976.5","0.07585313152526396","91.37585313152522","true","20260911"
"J000036","P2","D2","1","904.1980751929805","904.2","990.8000000000001","0.0019248070195772016","86.6019248070196","true","20260911"
"J000035","P1","D2","1","890.9807247621939","891","1017.4000000000001","0.019275237806141376","126.41927523780623","true","20260911"
"J000037","P2","D1","1","978.0801825132221","978.1","1049.8","0.019817486777924387","71.71981748677786","true","20260911"
"J000038","P1","D1","1","982.8730261651799","982.9000000000001","1070.1000000000001","0.026973834820182674","87.22697383482023","true","20260911"
"J000039","P1","D2","1","998.5785750392824","998.6","1106.6000000000001","0.021424960717581598","108.0214249607177","true","20260911"
"J000040","P2","D2","1","1005.3599424054846","1005.4000000000001","1119.1000000000001","0.04005759451547419","113.74005759451552","true","20260911"
"J000041","P2","D1","1","1074.3118256470188","1074.4","1129.4","0.0881743529812411","55.08817435298124","true","20260911"
"J000042","P1","D1","1","1090.7583076134324","1090.8","1177","0.041692386567547146","86.24169238656759","true","20260911"
"J000043","P1","D2","1","1100.1135527295992","1100.2","1221.6000000000001","0.08644727040086764","121.48644727040096","true","20260911"
"J000045","P2","D1","1","1174.784773690626","1174.8","1231.1000000000001","0.015226309373929325","56.31522630937411","true","20260911"
"J000044","P2","D2","1","1112.0927400747314","1112.1000000000001","1234.3000000000002","0.0072599252687268745","122.20725992526877","true","20260911"
"J000046","P1","D1","1","1195.0569145195186","1195.1000000000001","1304.2","0.04308548048152261","109.14308548048143","true","20260911"
"J000049","P2","D1","1","1281.8390800338238","1281.9","1337.4","0.06091996617624318","55.56091996617624","true","20260911"
"J000047","P1","D2","1","1200.3016184736043","1200.4","1373.5","0.09838152639576947","173.19838152639568","true","20260911"
"J000048","P2","D2","1","1207.7999699581414","1207.8","1384.6000000000001","0.00003004185850841168","176.8000300418587","true","20260911"
"J000051","P2","D2","1","1299.5151503244415","1299.6000000000001","1395.7","0.08484967555864387","96.18484967555855","true","20260911"
"J000050","P1","D1","1","1294.8209695285186","1294.9","1436","0.0790304714814738","141.17903047148138","true","20260911"
"J000053","P2","D1","1","1384.5456325775012","1384.6000000000001","1460.7","0.05436742249889903","76.15436742249881","true","20260911"
"J000054","P1","D1","1","1393.5648449975997","1393.6000000000001","1480.5","0.03515500240041547","86.93515500240028","true","20260911"
"J000055","P1","D2","1","1396.351414276287","1396.4","1516.9","0.0485857237131313","120.54858572371313","true","20260911"
"J000056","P2","D2","1","1402.1948654577136","1402.2","1529.1000000000001","0.005134542286441501","126.90513454228653","true","20260911"
"J000052","P1","D2","1","1303.0500732036307","1303.1000000000001","1540.1000000000001","0.04992679636939101","237.0499267963694","true","20260911"
"J000057","P2","D1","1","1475.3446751600131","1475.4","1559.3000000000002","0.0553248399869517","83.95532483998704","true","20260911"
"J000059","P1","D1","1","1491.280270065181","1491.3000000000002","1607.7","0.01972993481922458","116.41972993481909","true","20260911"
"J000058","P1","D2","1","1489.7927064448595","1489.8000000000002","1612.2","0.007293555140677199","122.40729355514054","true","20260911"
"J000061","P2","D1","1","1568.4415389969945","1568.5","1632.2","0.05846100300550461","63.75846100300555","true","20260911"
"J000060","P2","D2","1","1497.2299886494875","1497.3000000000002","1672.1000000000001","0.07001135051268648","174.87001135051264","true","20260911"
"J000064","P2","D2","1","1600.4405976040289","1600.5","1683.8000000000002","0.059402395971119404","83.3594023959713","true","20260911"
"J000062","P1","D1","1","1594.9318520072848","1595","1686.5","0.06814799271523952","91.56814799271524","true","20260911"
"J000065","P2","D1","1","1660.211337050423","1660.3000000000002","1715.3000000000002","0.08866294957715581","55.088662949577156","true","20260911"
"J000063","P1","D2","1","1598.4551589982584","1598.5","1763.8000000000002","0.044841001741588116","165.34484100174177","true","20260911"
"J000066","P1","D1","1","1686.944689322263","1687","1764","0.055310677736997604","77.055310677737","true","20260911"
"J000067","P2","D2","1","1693.6240572016686","1693.7","1779.8000000000002","0.07594279833142537","86.17594279833156","true","20260911"
"J000068","P1","D2","1","1694.5951643586159","1694.6000000000001","1803.4","0.00483564138426118","108.80483564138422","true","20260911"
"J000069","P2","D1","1","1766.5546170948073","1766.6000000000001","1838.6000000000001","0.04538290519280963","72.04538290519281","true","20260911"
"J000070","P1","D1","1","1778.6812923895195","1778.7","1870.8000000000002","0.01870761048053282","92.11870761048067","true","20260911"
"J000071","P2","D2","1","1792.2674421966076","1792.3000000000002","1874.9","0.03255780339259218","82.6325578033925","true","20260911"
"J000072","P1","D2","1","1799.4675081968307","1799.5","1911.1000000000001","0.03249180316925049","111.63249180316939","true","20260911"
"J000073","P2","D1","1","1869.0625472320244","1869.1000000000001","1961.9","0.0374527679757648","92.83745276797572","true","20260911"